home_zone_id,auto_ownership,income
1,0,2
2,0,3
2,1,2
2,2,1
3,0,7
3,1,5
4,0,3
4,1,1
5,0,9
5,1,9
5,2,1
6,0,66
6,1,19
7,0,108
7,1,34
7,2,1
8,0,157
8,1,51
9,0,175
9,1,63
10,0,131
10,1,57
11,0,77
11,1,40
11,2,2
12,0,17
12,1,7
13,0,2
13,1,1
14,0,4
14,1,10
14,2,3
14,4,1
15,0,4
15,1,5
15,2,2
16,0,145
16,1,79
17,0,80
17,1,74
17,2,1
18,0,18
18,1,18
18,2,6
18,3,1
19,0,13
19,1,21
20,0,35
20,1,32
20,2,3
20,3,1
20,4,1
21,0,68
21,1,48
21,2,2
22,0,16
22,1,28
22,2,5
23,0,11
23,1,10
23,2,1
24,0,11
24,1,7
25,0,30
25,1,22
26,0,13
26,1,7
27,0,32
27,1,26
28,0,35
28,1,23
28,2,10
29,0,66
29,1,34
30,0,114
30,1,48
31,0,76
31,1,28
32,0,58
32,1,62
32,2,2
33,0,45
33,1,63
33,2,1
34,0,25
34,1,49
34,2,11
35,0,25
35,1,47
35,2,18
35,3,1
35,4,2
36,0,77
36,1,43
37,0,33
37,1,27
38,0,28
38,1,50
38,2,6
39,0,19
39,1,32
39,2,23
39,3,2
39,4,2
40,0,41
40,1,51
40,2,2
41,0,20
41,1,39
41,2,6
42,0,5
42,1,26
42,2,55
42,3,34
42,4,11
43,0,33
43,1,79
43,2,10
43,3,1
44,0,38
44,1,54
44,2,15
45,0,36
45,1,60
45,2,8
45,3,1
46,0,56
46,1,76
46,2,8
46,4,1
47,0,35
47,1,35
47,2,1
48,0,23
48,1,38
48,2,10
48,4,2
49,0,17
49,1,34
49,2,23
49,3,3
49,4,1
50,0,20
50,1,59
50,2,10
50,3,3
51,0,13
51,1,34
51,2,21
51,3,1
51,4,2
52,1,11
52,2,8
52,3,7
52,4,3
53,0,2
53,1,2
53,2,2
54,0,16
54,1,42
54,2,31
54,3,6
54,4,2
55,0,6
55,1,33
55,2,17
55,4,3
56,0,3
56,1,5
56,2,2
57,0,4
57,1,10
57,2,8
57,3,5
57,4,2
58,0,18
58,1,33
58,2,32
58,3,3
58,4,1
59,0,20
59,1,41
59,2,42
59,3,10
59,4,4
60,0,5
60,1,14
60,2,29
60,3,5
60,4,4
61,0,22
61,1,36
61,2,22
61,3,3
61,4,2
62,0,21
62,1,75
62,2,44
62,3,1
62,4,3
63,0,13
63,1,30
63,2,16
63,3,2
63,4,1
64,0,20
64,1,52
64,2,26
64,3,1
64,4,1
65,0,29
65,1,41
65,2,16
65,3,3
66,0,16
66,1,25
66,2,8
66,3,1
66,4,2
67,0,18
67,1,27
67,2,23
67,3,5
67,4,1
68,0,13
68,1,20
68,2,14
69,0,72
69,1,90
69,2,22
69,4,5
70,0,26
70,1,79
70,2,16
71,0,18
71,1,46
71,2,17
71,3,2
72,0,14
72,1,25
72,2,3
73,0,35
73,1,53
73,2,1
74,0,37
74,1,39
74,2,1
75,0,47
75,1,37
76,0,41
76,1,21
77,0,39
77,1,48
77,2,6
78,0,54
78,1,62
78,2,2
79,0,43
79,1,40
79,3,1
80,0,20
80,1,35
80,2,15
80,4,1
81,0,65
81,1,84
81,2,16
81,3,1
82,0,22
82,1,32
82,2,10
83,0,9
83,1,39
83,2,20
83,3,5
84,0,31
84,1,44
84,2,12
84,4,1
85,0,18
85,1,48
85,2,7
86,0,38
86,1,57
86,2,15
86,3,1
87,0,34
87,1,47
87,2,11
88,0,17
88,1,65
88,2,7
89,0,34
89,1,53
89,2,19
89,3,4
89,4,4
90,0,25
90,1,50
90,2,6
91,0,11
91,1,57
91,2,24
91,3,2
92,0,20
92,1,37
92,2,16
92,3,2
92,4,1
93,0,16
93,1,87
93,2,44
93,3,5
93,4,2
94,0,4
94,1,33
94,2,2
94,3,1
95,0,10
95,1,23
95,2,10
95,4,2
96,0,5
96,1,25
96,2,13
96,4,1
97,0,8
97,1,45
97,2,14
97,3,1
98,0,16
98,1,39
98,2,12
98,3,1
98,4,2
99,0,22
99,1,39
99,2,14
100,0,32
100,1,32
100,2,8
100,3,1
100,4,1
101,0,26
101,1,56
101,2,12
101,3,1
102,0,20
102,1,62
102,2,14
102,3,1
102,4,1
103,0,18
103,1,52
103,2,25
103,3,2
104,0,32
104,1,35
104,2,6
104,3,1
105,0,33
105,1,79
105,2,10
105,4,2
106,0,64
106,1,64
106,2,3
107,0,13
107,1,12
107,2,10
107,3,1
107,4,1
108,0,21
108,1,34
108,2,10
108,3,2
109,0,52
109,1,71
109,2,15
109,3,1
109,4,4
110,0,46
110,1,77
110,2,3
111,0,10
111,1,20
111,2,21
111,3,1
111,4,2
112,0,9
112,1,17
112,2,6
113,0,21
113,1,49
113,2,20
113,3,2
113,4,1
114,0,23
114,1,33
114,2,8
114,3,1
115,0,16
115,1,20
115,2,9
116,0,15
116,1,37
116,2,11
116,3,2
116,4,1
117,0,18
117,1,23
117,2,13
117,3,4
118,0,21
118,1,26
118,2,11
118,3,3
118,4,2
119,0,6
119,1,17
119,2,6
119,3,1
119,4,1
120,0,13
120,1,23
120,2,15
120,3,4
120,4,1
121,0,4
121,1,21
121,2,20
121,3,2
121,4,4
122,0,19
122,1,25
122,2,36
122,3,2
122,4,1
123,0,21
123,1,31
123,2,12
124,0,8
124,1,25
124,2,12
124,3,1
124,4,1
125,0,9
125,1,13
125,2,13
125,3,4
125,4,2
126,0,9
126,1,10
126,2,22
126,3,5
126,4,2
127,0,15
127,1,24
127,2,22
127,3,4
127,4,3
128,0,14
128,1,38
128,2,24
128,3,5
129,0,6
129,1,37
129,2,36
129,3,4
129,4,3
130,0,8
130,1,24
130,2,28
130,3,3
130,4,1
131,0,10
131,1,31
131,2,42
131,3,13
131,4,5
132,0,7
132,1,23
132,2,22
132,3,3
132,4,2
133,0,7
133,1,52
133,2,23
133,3,4
133,4,1
134,0,10
134,1,12
134,2,43
134,3,5
134,4,9
135,0,5
135,1,17
135,2,18
135,3,8
135,4,4
136,0,8
136,1,12
136,2,9
136,3,4
137,0,3
137,1,15
137,2,14
137,3,7
137,4,6
138,0,6
138,1,31
138,2,35
138,3,9
138,4,7
139,0,7
139,1,11
139,2,18
139,3,3
139,4,4
140,0,2
140,1,16
140,2,13
140,3,11
140,4,1
141,0,5
141,1,5
141,2,18
141,3,2
141,4,1
142,0,2
142,1,1
142,2,1
143,0,5
143,1,8
143,2,5
143,3,1
144,0,12
144,1,30
144,2,7
145,0,12
145,1,21
145,2,14
145,4,1
146,0,2
146,1,10
146,2,5
146,3,1
146,4,2
147,0,3
147,1,19
147,2,21
147,3,4
147,4,3
148,0,3
148,1,8
148,2,18
148,3,5
148,4,3
149,0,20
149,1,76
149,2,84
149,3,26
149,4,19
150,0,5
150,1,15
150,2,21
150,3,2
150,4,3
151,0,2
151,1,7
151,2,9
151,3,1
151,4,2
152,0,3
152,1,15
152,2,25
152,3,9
152,4,1
153,0,3
153,1,15
153,2,23
153,3,2
153,4,5
154,0,5
154,1,13
154,2,12
154,3,2
154,4,5
155,0,1
155,1,7
155,2,15
155,3,7
155,4,4
156,0,1
156,1,7
156,2,9
156,3,2
156,4,6
157,0,2
157,1,6
157,2,15
157,3,4
157,4,3
158,0,3
158,1,5
158,2,1
158,3,4
158,4,1
159,0,6
159,1,15
159,2,19
159,3,9
159,4,3
160,0,1
160,1,8
160,2,21
160,3,4
160,4,8
161,0,5
161,1,7
161,2,17
161,3,2
161,4,1
162,0,7
162,1,10
162,2,11
162,3,3
162,4,4
163,1,20
163,2,20
163,3,3
163,4,5
164,0,7
164,1,22
164,2,27
164,3,6
164,4,7
165,0,10
165,1,26
165,2,26
165,3,9
165,4,5
166,0,8
166,1,27
166,2,32
166,3,14
166,4,11
167,0,6
167,1,20
167,2,24
167,3,4
167,4,4
168,0,13
168,1,34
168,2,60
168,3,14
168,4,7
169,0,5
169,1,22
169,2,36
169,3,5
169,4,2
170,0,9
170,1,34
170,2,24
170,3,6
170,4,5
171,0,3
171,1,9
171,2,7
171,3,5
171,4,2
172,0,10
172,1,29
172,2,27
172,3,3
172,4,1
173,0,5
173,1,20
173,2,19
173,3,8
173,4,1
174,0,10
174,1,40
174,2,35
174,3,11
174,4,5
175,0,23
175,1,38
175,2,5
175,3,2
175,4,1
176,0,8
176,1,29
176,2,17
176,4,3
177,0,17
177,1,56
177,2,45
177,3,5
177,4,1
178,0,3
178,1,35
178,2,42
178,3,16
178,4,11
179,0,7
179,1,16
179,2,34
179,3,12
179,4,9
180,0,12
180,1,28
180,2,19
180,3,2
181,0,9
181,1,18
181,2,24
181,3,7
181,4,3
182,0,5
182,1,20
182,2,35
182,3,14
182,4,2
183,0,7
183,1,32
183,2,32
183,3,12
183,4,3
184,0,9
184,1,25
184,2,45
184,3,14
184,4,1
185,0,13
185,1,41
185,2,48
185,3,11
185,4,4
186,0,4
186,1,49
186,2,45
186,3,6
186,4,5
187,0,4
187,1,19
187,2,26
187,3,8
187,4,4
188,0,37
188,1,47
188,2,12
188,3,1
188,4,1
189,0,11
189,1,57
189,2,43
189,3,8
189,4,1
190,0,3
190,1,22
190,2,6
191,0,8
191,1,19
191,2,20
191,3,5
191,4,4
192,0,15
192,1,38
192,2,41
192,3,12
192,4,5
193,0,5
193,1,25
193,2,32
193,3,8
193,4,8
194,0,3
194,1,27
194,2,18
194,3,22
194,4,2
195,0,4
195,1,16
195,2,42
195,3,8
195,4,7
196,0,6
196,1,14
196,2,22
196,3,17
196,4,11
197,0,2
197,1,12
197,2,18
197,3,4
197,4,3
198,0,12
198,1,28
198,2,26
198,3,5
198,4,2
199,0,6
199,1,15
199,2,16
199,4,2
200,0,5
200,1,10
200,2,16
200,3,5
201,0,14
201,1,20
201,2,30
201,3,9
201,4,5
202,0,6
202,1,11
202,2,43
202,3,21
202,4,16
203,0,7
203,1,12
203,2,21
203,3,8
203,4,2
204,0,15
204,1,20
204,2,33
204,3,13
204,4,9
205,0,7
205,1,14
205,2,21
205,3,10
205,4,10
206,0,2
206,1,14
206,2,19
206,3,6
206,4,6
207,0,1
207,1,3
207,2,22
207,3,2
207,4,5
208,0,1
208,1,28
208,2,36
208,3,13
208,4,3
209,0,2
209,1,20
209,2,44
209,3,18
209,4,8
210,0,3
210,1,3
210,2,11
210,3,10
210,4,9
211,0,3
211,1,38
211,2,34
211,3,10
211,4,6
212,1,14
212,2,23
212,3,11
212,4,7
213,0,6
213,1,30
213,2,34
213,3,7
213,4,4
214,0,7
214,1,13
214,2,29
214,3,12
214,4,8
215,0,4
215,1,23
215,2,35
215,3,11
215,4,5
216,0,6
216,1,21
216,2,17
216,3,3
216,4,1
217,0,5
217,1,16
217,2,15
217,3,11
217,4,5
218,1,18
218,2,33
218,3,9
218,4,8
219,1,6
219,2,23
219,3,9
219,4,9
220,0,1
220,1,21
220,2,34
220,3,13
220,4,10
221,0,2
221,1,14
221,2,16
221,3,10
221,4,10
222,0,2
222,1,24
222,2,20
222,3,11
222,4,5
223,0,1
223,1,19
223,2,21
223,3,8
223,4,1
224,1,14
224,2,15
224,3,10
224,4,2
225,0,3
225,1,16
225,2,26
225,3,10
225,4,1
226,0,2
226,1,17
226,2,38
226,3,19
226,4,9
227,1,17
227,2,31
227,3,11
227,4,10
229,1,16
229,2,25
229,3,9
229,4,7
230,0,3
230,1,19
230,2,46
230,3,20
230,4,11
231,0,4
231,1,14
231,2,24
231,3,15
231,4,8
232,0,2
232,1,8
232,2,22
232,3,7
232,4,15
233,1,42
233,2,50
233,3,17
233,4,7
234,0,9
234,1,25
234,2,12
234,3,3
234,4,1
235,1,7
235,2,12
235,3,4
235,4,3
236,0,7
236,1,21
236,2,30
236,3,11
236,4,6
237,0,8
237,1,26
237,2,45
237,3,16
237,4,5
238,0,2
238,1,5
238,2,14
238,3,5
238,4,5
240,0,13
240,1,26
240,2,28
240,3,6
240,4,6
241,0,2
241,1,23
241,2,16
241,3,4
241,4,2
242,0,1
242,1,10
242,2,9
242,3,5
242,4,2
243,1,8
243,2,21
243,3,4
243,4,3
244,0,4
244,1,21
244,2,37
244,3,6
245,1,16
245,2,24
245,3,9
245,4,1
246,1,51
246,2,55
246,3,8
246,4,11
247,1,9
247,2,31
247,3,3
247,4,6
248,0,3
248,1,21
248,2,16
248,3,14
249,0,4
249,1,43
249,2,38
249,3,9
249,4,3
250,0,3
250,1,17
250,2,28
250,3,4
250,4,2
251,0,9
251,1,63
251,2,27
251,3,3
251,4,1
252,0,2
252,1,10
252,2,28
252,3,20
252,4,8
253,0,1
253,1,14
253,2,19
253,3,8
253,4,3
254,0,1
254,1,7
254,2,26
254,3,17
254,4,5
255,1,15
255,2,21
255,3,7
255,4,5
256,0,11
256,1,44
256,2,19
256,3,6
256,4,2
257,0,10
257,1,38
257,2,14
257,3,2
257,4,1
258,0,8
258,1,46
258,2,42
258,3,3
258,4,1
259,0,1
259,1,33
259,2,33
259,3,8
260,0,1
260,1,21
260,2,43
260,3,12
260,4,4
261,1,11
261,2,22
261,3,8
261,4,3
262,0,3
262,1,11
262,2,21
262,3,8
262,4,3
263,1,4
263,2,12
263,3,6
263,4,3
264,0,2
264,1,8
264,2,27
264,3,10
264,4,5
265,0,2
265,1,28
265,2,20
265,3,7
265,4,1
266,1,58
266,2,44
266,3,9
266,4,9
267,0,2
267,1,13
267,2,21
267,3,12
267,4,4
268,0,1
268,1,12
268,2,17
268,3,11
268,4,4
269,1,12
269,2,24
269,3,5
269,4,3
270,1,22
270,2,19
270,3,3
270,4,2
271,1,16
271,2,20
271,3,9
271,4,4
272,1,8
272,2,18
272,3,6
272,4,4
273,0,1
273,1,14
273,2,23
273,3,3
273,4,2
274,1,27
274,2,26
274,3,9
274,4,1
275,0,3
275,1,30
275,2,32
275,3,8
275,4,4
276,0,1
276,1,18
276,2,17
276,3,3
276,4,3
277,0,7
277,1,9
277,2,19
277,3,12
277,4,5
278,0,6
278,1,56
278,2,44
278,3,5
278,4,2
279,0,1
279,1,13
279,2,21
279,3,7
279,4,4
280,0,6
280,1,26
280,2,20
280,3,3
280,4,1
281,0,6
281,1,29
281,2,26
281,3,2
282,0,4
282,1,12
282,2,11
282,3,1
282,4,3
283,0,2
283,1,13
283,2,18
283,3,6
283,4,1
284,0,5
284,1,35
284,2,31
284,3,4
285,0,1
285,1,7
285,2,19
285,3,7
285,4,1
286,0,10
286,1,56
286,2,51
286,3,18
286,4,8
287,1,18
287,2,28
287,3,3
287,4,1
288,0,3
288,1,51
288,2,48
288,3,11
288,4,5
289,0,3
289,1,25
289,2,46
289,3,15
289,4,8
290,1,20
290,2,25
290,3,8
290,4,3
291,0,1
291,1,12
291,2,16
291,3,8
291,4,2
292,0,1
292,1,12
292,2,20
292,3,1
292,4,2
293,0,2
293,1,25
293,2,32
293,3,21
293,4,8
294,1,19
294,2,36
294,3,13
294,4,6
295,1,5
295,2,20
295,3,4
295,4,5
296,0,2
296,1,35
296,2,46
296,3,25
296,4,5
297,0,1
297,1,21
297,2,32
297,3,10
297,4,7
298,1,17
298,2,37
298,3,17
298,4,6
299,1,6
299,2,22
299,3,8
299,4,3
300,0,1
300,1,8
300,2,15
300,3,8
300,4,5
301,0,5
301,1,21
301,2,43
301,3,18
301,4,3
302,0,1
302,1,20
302,2,22
302,3,10
302,4,6
303,0,1
303,1,12
303,2,32
303,3,12
303,4,3
304,0,1
304,1,21
304,2,38
304,3,17
304,4,4
305,1,9
305,2,7
305,3,7
305,4,2
306,1,10
306,2,28
306,3,1
306,4,4
307,0,1
307,1,14
307,2,26
307,3,12
307,4,5
308,0,2
308,1,16
308,2,16
308,3,5
308,4,5
309,0,8
309,1,58
309,2,51
309,3,9
309,4,7
310,0,1
310,1,7
310,2,6
310,3,3
310,4,2
311,0,3
311,1,30
311,2,32
311,3,4
311,4,2
312,0,4
312,1,28
312,2,57
312,3,16
312,4,5
313,1,23
313,2,11
313,3,4
313,4,2
314,0,4
314,1,25
314,2,23
314,3,8
314,4,4
315,0,20
315,1,47
315,2,13
315,3,2
316,0,2
316,1,8
316,2,11
316,3,5
316,4,1
317,0,5
317,1,25
317,2,27
317,3,3
317,4,2
318,1,18
318,2,26
318,3,8
318,4,4
319,0,1
319,1,13
319,2,17
319,3,8
319,4,2
320,1,25
320,2,28
320,3,7
320,4,2
321,1,13
321,2,18
321,3,3
322,0,4
322,1,21
322,2,37
322,3,15
322,4,3
323,0,8
323,1,41
323,2,33
323,3,7
323,4,2
324,0,2
324,1,17
324,2,25
324,3,6
324,4,1
325,0,2
325,1,36
325,2,34
325,3,14
325,4,6
326,0,2
326,1,9
326,2,13
326,3,5
326,4,2
327,0,6
327,1,19
327,2,21
327,3,7
327,4,6
328,0,1
328,1,17
328,2,16
328,3,7
328,4,2
329,0,1
329,1,14
329,2,19
329,3,4
329,4,3
330,0,3
330,1,10
330,2,24
330,3,7
330,4,3
331,0,5
331,1,14
331,2,31
331,3,16
331,4,15
332,0,3
332,1,5
332,2,9
332,3,10
332,4,11
333,0,1
333,1,16
333,2,50
333,3,16
333,4,16
334,0,1
334,1,3
334,2,26
334,3,5
334,4,12
335,0,8
335,1,55
335,2,34
335,3,6
335,4,4
336,0,3
336,1,19
336,2,25
336,3,10
336,4,1
337,0,2
337,1,19
337,2,11
337,3,3
337,4,3
338,1,6
338,2,15
338,3,8
338,4,4
339,0,1
339,1,9
339,2,15
339,3,12
339,4,5
340,0,9
340,1,29
340,2,30
340,3,6
341,0,9
341,1,49
341,2,32
341,3,2
341,4,3
342,0,3
342,1,21
342,2,27
342,3,11
342,4,6
343,1,3
343,2,9
343,3,4
343,4,2
344,0,1
344,1,8
344,2,26
344,3,10
344,4,5
345,1,13
345,2,25
345,3,11
345,4,7
346,1,20
346,2,26
346,3,8
346,4,3
347,0,1
347,1,32
347,2,67
347,3,25
347,4,12
349,1,4
349,2,5
350,1,18
350,2,18
350,3,5
350,4,2
351,0,4
351,1,22
351,2,31
351,3,7
351,4,2
352,0,7
352,1,14
352,2,3
352,3,1
352,4,1
353,0,7
353,1,36
353,2,22
353,3,6
353,4,3
354,0,64
354,1,58
354,2,9
354,3,1
354,4,3
355,0,41
355,1,81
355,2,40
355,3,5
355,4,1
356,0,14
356,1,100
356,2,29
356,3,4
356,4,1
357,0,4
357,1,16
357,2,24
357,3,13
357,4,2
358,0,3
358,1,16
358,2,33
358,3,16
358,4,5
359,0,2
359,1,19
359,2,26
359,3,9
359,4,2
360,0,2
360,1,27
360,2,33
360,3,22
360,4,2
361,0,1
361,1,18
361,2,30
361,3,21
361,4,6
362,1,19
362,2,40
362,3,14
362,4,2
363,0,2
363,1,11
363,2,20
363,3,10
363,4,3
364,1,7
364,2,15
364,4,3
365,0,5
365,1,22
365,2,21
365,3,4
365,4,1
366,0,8
366,1,23
366,2,18
366,3,7
366,4,3
367,0,8
367,1,30
367,2,29
367,3,10
367,4,5
368,0,1
368,1,11
368,2,24
368,3,16
368,4,1
369,0,3
369,1,20
369,2,28
369,3,11
369,4,5
370,0,2
370,1,20
370,2,25
370,3,13
370,4,2
371,0,2
371,1,22
371,2,25
371,3,9
371,4,4
372,0,15
372,1,49
372,2,35
372,3,1
372,4,4
373,0,2
373,1,11
373,2,17
373,3,3
373,4,7
374,0,1
374,1,26
374,2,24
374,4,3
375,0,5
375,1,29
375,2,38
375,3,9
375,4,1
376,0,2
376,1,27
376,2,30
376,3,1
376,4,4
377,0,3
377,1,46
377,2,28
377,3,12
377,4,7
378,0,3
378,1,27
378,2,14
378,3,4
378,4,2
379,0,13
379,1,35
379,2,28
379,3,12
379,4,6
380,0,3
380,1,26
380,2,40
380,3,10
380,4,8
381,0,3
381,1,33
381,2,37
381,3,8
381,4,5
382,0,1
382,1,9
382,2,18
382,3,4
382,4,3
383,1,10
383,2,11
383,3,8
383,4,1
384,0,3
384,1,17
384,2,26
384,3,12
384,4,4
385,1,8
385,2,15
385,3,5
385,4,1
386,1,8
386,2,16
386,3,7
386,4,5
387,0,1
387,1,21
387,2,18
387,3,5
387,4,2
388,0,5
388,1,16
388,2,33
388,3,10
388,4,8
389,0,2
389,1,22
389,2,22
389,3,12
389,4,4
390,0,5
390,1,21
390,2,28
390,3,5
390,4,1
391,0,7
391,1,51
391,2,47
391,3,9
391,4,4
392,0,4
392,1,15
392,2,27
392,3,14
392,4,5
393,0,5
393,1,19
393,2,27
393,3,3
393,4,5
394,0,5
394,1,19
394,2,25
394,3,7
394,4,2
395,0,3
395,1,30
395,2,24
395,3,9
395,4,6
397,0,3
397,1,22
397,2,17
397,3,4
397,4,2
398,0,4
398,1,15
398,2,10
398,3,3
398,4,5
400,0,9
400,1,36
400,2,27
400,3,6
400,4,4
401,0,1
401,1,2
401,2,2
401,3,5
402,2,1
402,3,5
404,1,5
404,2,9
404,3,3
404,4,3
406,0,11
406,1,23
406,2,4
407,1,4
410,1,125
410,2,53
410,3,7
410,4,3
412,0,35
412,1,141
412,2,90
412,3,23
412,4,10
413,0,2
413,1,61
413,2,64
413,3,12
413,4,6
414,0,3
414,1,18
414,2,12
414,3,5
414,4,10
415,0,1
415,1,6
415,2,9
415,3,4
416,0,6
416,1,35
416,2,52
416,3,10
416,4,11
418,0,1
418,1,7
418,2,15
418,3,2
419,0,2
419,1,11
419,2,20
419,3,5
419,4,2
420,1,6
420,2,13
420,3,5
420,4,7
421,0,10
421,1,32
421,2,59
421,3,21
421,4,1
422,0,6
422,1,66
422,2,47
422,3,19
422,4,3
423,0,4
423,1,18
423,2,29
423,3,11
423,4,4
424,0,1
424,1,22
424,2,40
424,3,16
424,4,8
425,0,2
425,1,11
425,2,27
425,3,5
425,4,7
426,0,6
426,1,30
426,2,17
426,3,5
426,4,1
427,1,15
427,2,14
427,3,4
427,4,2
428,0,1
428,1,5
428,2,6
428,3,4
432,2,4
432,3,2
433,0,4
433,1,26
433,2,37
433,3,11
433,4,3
434,1,1
434,2,2
435,0,13
435,1,36
435,2,30
435,3,4
435,4,3
436,0,5
436,1,28
436,2,26
436,3,4
436,4,2
437,0,2
437,1,21
437,2,37
437,3,12
437,4,6
438,0,6
438,1,20
438,2,35
438,3,7
438,4,8
439,0,5
439,1,13
439,2,22
439,3,5
439,4,3
440,0,5
440,1,64
440,2,53
440,3,9
440,4,7
441,0,11
441,1,28
441,2,47
441,3,8
441,4,3
442,1,8
442,2,11
442,3,10
442,4,6
443,0,4
443,1,24
443,2,31
443,3,19
443,4,12
444,0,2
444,1,21
444,2,41
444,3,18
444,4,4
445,0,7
445,1,31
445,2,54
445,3,23
445,4,1
446,0,6
446,1,44
446,2,57
446,3,9
446,4,6
447,0,5
447,1,26
447,2,29
447,3,4
447,4,1
448,0,14
448,1,37
448,2,37
448,3,11
448,4,5
449,0,5
449,1,38
449,2,31
449,3,11
449,4,3
450,0,11
450,1,35
450,2,35
450,3,2
450,4,4
451,0,9
451,1,23
451,2,39
451,3,14
451,4,4
452,0,3
452,1,16
452,2,16
452,3,4
452,4,1
453,0,3
453,1,29
453,2,39
453,3,18
453,4,8
454,0,1
454,1,9
454,2,28
454,3,8
454,4,5
455,0,2
455,1,9
455,2,9
455,3,6
455,4,7
456,0,3
456,1,34
456,2,49
456,3,12
456,4,10
457,1,18
457,2,24
457,3,12
457,4,7
458,0,3
458,1,14
458,2,22
458,3,9
458,4,3
459,0,6
459,1,26
459,2,53
459,3,17
459,4,6
460,0,2
460,1,19
460,2,20
460,3,9
460,4,3
461,0,5
461,1,17
461,2,21
461,3,12
461,4,3
462,0,2
462,1,15
462,2,28
462,3,10
462,4,1
463,0,6
463,1,30
463,2,32
463,3,3
463,4,5
464,0,4
464,1,17
464,2,21
464,3,9
465,0,7
465,1,37
465,2,52
465,3,4
465,4,8
466,0,3
466,1,12
466,2,26
466,3,9
466,4,4
467,0,5
467,1,38
467,2,31
467,3,4
467,4,2
468,0,3
468,1,34
468,2,29
468,3,6
468,4,3
469,0,2
469,1,21
469,2,48
469,3,7
469,4,4
470,0,6
470,1,26
470,2,42
470,3,13
470,4,3
471,0,9
471,1,28
471,2,22
471,3,7
471,4,1
472,0,3
472,1,26
472,2,34
472,3,12
472,4,2
473,0,3
473,1,27
473,2,38
473,3,8
473,4,5
474,0,1
474,1,17
474,2,26
474,3,6
474,4,3
475,0,2
475,1,18
475,2,16
475,3,10
475,4,3
476,0,10
476,1,19
476,2,46
476,3,10
476,4,5
477,0,1
477,1,14
477,2,34
477,3,10
477,4,1
478,0,5
478,1,34
478,2,27
478,3,4
478,4,1
479,0,5
479,1,28
479,2,58
479,3,13
479,4,11
480,0,1
480,1,4
480,2,17
480,3,12
480,4,3
481,0,2
481,1,3
481,2,37
481,3,10
481,4,1
482,0,1
482,1,10
482,2,32
482,3,6
482,4,1
483,0,4
483,1,27
483,2,34
483,3,9
483,4,2
484,0,5
484,1,41
484,2,37
484,3,17
484,4,3
485,0,4
485,1,30
485,2,40
485,3,8
485,4,6
486,0,4
486,1,21
486,2,29
486,3,9
486,4,4
487,0,1
487,1,34
487,2,32
487,3,10
487,4,3
488,0,10
488,1,41
488,2,40
488,3,9
488,4,5
489,1,10
489,2,29
489,3,12
489,4,4
490,0,2
490,1,11
490,2,35
490,3,11
490,4,3
491,0,2
491,1,8
491,2,27
491,3,4
491,4,2
492,0,1
492,1,14
492,2,25
492,3,8
492,4,6
493,0,1
493,1,13
493,2,43
493,3,13
493,4,6
494,1,21
494,2,36
494,3,9
494,4,1
495,1,24
495,2,26
495,3,15
495,4,7
496,0,2
496,1,6
496,2,14
496,3,3
496,4,2
497,0,1
497,1,20
497,2,41
497,3,11
497,4,8
498,0,1
498,1,11
498,2,18
498,3,6
498,4,3
499,0,3
499,1,18
499,2,35
499,3,11
499,4,3
500,0,1
500,1,11
500,2,25
500,3,9
500,4,6
501,0,3
501,1,14
501,2,25
501,3,10
501,4,3
502,0,2
502,1,22
502,2,22
502,3,8
502,4,2
503,0,9
503,1,33
503,2,40
503,3,7
503,4,4
504,1,33
504,2,40
504,3,6
504,4,4
505,1,24
505,2,29
505,3,8
505,4,3
506,0,1
506,1,19
506,2,25
506,3,3
506,4,2
507,0,1
507,1,17
507,2,38
507,3,17
507,4,4
508,1,6
508,2,24
508,3,6
508,4,2
509,1,17
509,2,22
509,3,3
509,4,2
510,1,7
510,2,18
510,3,8
510,4,3
511,0,3
511,1,42
511,2,56
511,3,13
511,4,6
512,1,16
512,2,32
512,3,11
512,4,6
513,0,1
513,1,14
513,2,21
513,3,9
513,4,7
514,0,2
514,1,27
514,2,42
514,3,13
514,4,8
515,0,1
515,1,28
515,2,42
515,3,14
515,4,4
516,0,1
516,1,16
516,2,15
516,3,10
516,4,3
517,0,1
517,1,19
517,2,31
517,3,6
517,4,3
518,0,4
518,1,23
518,2,46
518,3,13
518,4,6
519,0,7
519,1,52
519,2,44
519,3,8
519,4,3
520,1,14
520,2,18
520,3,8
520,4,2
521,0,4
521,1,23
521,2,36
521,3,10
521,4,4
522,0,1
522,1,28
522,2,40
522,3,20
522,4,4
523,0,3
523,1,27
523,2,46
523,3,16
523,4,7
524,1,14
524,2,34
524,3,8
524,4,3
525,0,1
525,1,14
525,2,24
525,3,9
525,4,4
526,0,3
526,1,25
526,2,47
526,3,18
526,4,2
527,0,6
527,1,32
527,2,43
527,3,17
527,4,7
528,0,9
528,1,37
528,2,28
528,3,10
528,4,5
529,0,1
529,1,16
529,2,16
529,3,7
529,4,2
530,0,14
530,1,54
530,2,42
530,3,9
530,4,4
531,0,9
531,1,23
531,2,17
531,3,7
531,4,2
532,0,8
532,1,42
532,2,31
532,3,12
532,4,4
533,0,12
533,1,35
533,2,45
533,3,8
533,4,2
534,0,6
534,1,27
534,2,31
534,3,11
534,4,4
535,0,6
535,1,29
535,2,29
535,3,4
535,4,3
536,0,5
536,1,23
536,2,26
536,3,11
536,4,1
537,0,12
537,1,56
537,2,26
537,3,8
537,4,2
538,0,6
538,1,23
538,2,12
538,3,2
538,4,3
539,0,2
539,1,5
539,2,1
539,3,2
540,0,17
540,1,32
540,2,16
540,3,3
540,4,2
541,0,9
541,1,23
541,2,23
541,3,5
541,4,6
542,0,4
542,1,13
542,2,12
542,3,2
543,0,28
543,1,48
543,2,21
543,3,11
543,4,7
544,0,6
544,1,31
544,2,25
544,3,5
544,4,3
545,0,25
545,1,36
545,2,13
545,4,1
546,0,31
546,1,60
546,2,20
546,4,3
547,0,12
547,1,39
547,2,46
547,3,15
547,4,8
548,0,14
548,1,32
548,2,53
548,3,9
548,4,10
549,0,14
549,1,33
549,2,20
549,3,2
550,0,6
550,1,12
550,2,22
550,3,6
550,4,4
551,0,12
551,1,25
551,2,33
551,3,15
551,4,2
552,0,4
552,1,3
552,2,18
552,3,5
552,4,2
553,0,1
553,1,5
553,2,22
553,3,12
553,4,7
554,0,16
554,1,34
554,2,21
554,3,6
554,4,1
555,0,9
555,1,32
555,2,37
555,3,10
555,4,6
556,0,46
556,1,79
556,2,8
556,3,2
557,0,25
557,1,57
557,2,17
557,3,1
557,4,2
558,0,41
558,1,64
558,2,21
558,3,3
558,4,1
559,0,2
559,1,16
559,2,15
559,3,16
559,4,7
560,0,6
560,1,15
560,2,18
560,3,7
560,4,7
561,0,5
561,1,16
561,2,16
561,3,12
561,4,5
562,0,5
562,1,13
562,2,17
562,3,7
562,4,5
563,0,32
563,1,66
563,2,48
563,3,18
563,4,6
564,0,8
564,1,27
564,2,43
564,3,18
564,4,9
565,0,1
565,1,25
565,2,34
565,3,9
565,4,3
566,0,15
566,1,68
566,2,71
566,3,19
566,4,3
567,0,1
567,1,23
567,2,35
567,3,12
567,4,9
568,0,7
568,1,12
568,2,25
568,3,13
568,4,13
569,0,3
569,1,6
569,2,12
569,3,11
569,4,6
570,0,2
570,1,5
570,2,13
570,3,6
570,4,6
571,1,2
571,2,19
571,3,8
571,4,6
572,1,4
572,2,9
572,3,15
572,4,4
573,1,8
573,2,15
573,3,9
573,4,9
574,0,1
574,1,12
574,2,17
574,3,10
574,4,4
575,1,8
575,2,19
575,3,8
575,4,5
576,0,1
576,1,6
576,2,13
576,3,8
576,4,4
577,0,2
577,1,5
577,2,16
577,3,4
577,4,6
578,0,1
578,1,16
578,2,33
578,3,21
578,4,14
579,0,2
579,1,8
579,2,10
579,3,2
579,4,1
580,0,1
580,1,5
580,2,13
580,3,7
580,4,5
581,0,1
581,1,4
581,2,12
581,3,3
581,4,7
582,0,4
582,1,19
582,2,23
582,3,17
582,4,6
583,0,2
583,1,6
583,2,17
583,3,13
583,4,15
584,1,2
584,2,15
584,3,6
584,4,6
585,0,1
585,1,4
585,2,7
585,3,11
585,4,8
586,1,3
586,2,14
586,3,11
586,4,10
587,1,1
587,2,3
587,3,6
587,4,7
588,1,4
588,2,14
588,3,9
588,4,11
589,0,1
589,1,10
589,2,15
589,3,13
589,4,10
590,0,1
590,1,7
590,2,6
590,3,11
590,4,1
591,0,4
591,1,19
591,2,29
591,3,11
591,4,7
592,1,10
592,2,18
592,3,12
592,4,3
593,0,6
593,1,11
593,2,17
593,3,8
593,4,4
594,0,1
594,1,13
594,2,15
594,3,9
594,4,6
595,0,7
595,1,37
595,2,28
595,3,6
595,4,3
596,0,2
596,1,6
596,2,15
596,3,4
597,0,4
597,1,16
597,2,20
597,3,12
597,4,6
598,0,9
598,1,28
598,2,59
598,3,38
598,4,29
599,0,1
599,1,16
599,2,22
599,3,10
599,4,5
600,0,2
600,1,5
600,2,17
600,3,10
600,4,8
601,0,1
601,1,27
601,2,48
601,3,20
601,4,10
602,0,6
602,1,3
602,2,8
602,3,3
602,4,2
603,1,4
603,2,6
603,3,2
604,0,1
604,1,8
604,2,9
604,3,7
604,4,4
605,0,5
605,1,33
605,2,41
605,3,15
605,4,9
606,0,17
606,1,41
606,2,69
606,3,28
606,4,16
607,0,3
607,1,30
607,2,27
607,3,12
607,4,3
608,0,4
608,1,26
608,2,22
608,3,12
608,4,5
609,1,5
609,2,29
609,3,13
609,4,6
610,1,14
610,2,12
610,3,2
611,0,2
611,1,11
611,2,20
611,3,18
611,4,10
612,0,2
612,1,30
612,2,20
612,3,17
612,4,8
613,0,1
613,1,4
613,2,10
613,3,2
613,4,2
614,0,2
614,1,14
614,2,24
614,3,12
614,4,7
615,0,2
615,1,9
615,2,31
615,3,6
615,4,8
616,0,2
616,1,9
616,2,23
616,3,7
616,4,4
617,1,8
617,2,15
617,3,8
617,4,4
618,0,1
618,1,4
618,2,11
618,3,4
618,4,5
619,0,1
619,1,6
619,2,21
619,3,10
619,4,6
620,1,3
620,2,14
620,3,9
620,4,9
621,0,2
621,1,12
621,2,18
621,3,9
621,4,6
622,1,14
622,2,21
622,3,15
622,4,8
623,0,2
623,1,13
623,2,22
623,3,15
623,4,9
624,0,1
624,1,1
624,2,12
624,3,9
624,4,4
625,0,3
625,1,13
625,2,32
625,3,8
625,4,9
626,1,13
626,2,15
626,3,9
626,4,7
627,0,2
627,1,13
627,2,23
627,3,12
627,4,12
628,0,2
628,1,8
628,2,31
628,3,17
628,4,4
629,1,11
629,2,26
629,3,9
629,4,6
630,0,9
630,1,17
630,2,32
630,3,15
630,4,11
631,0,2
631,1,8
631,2,26
631,3,7
631,4,5
632,0,2
632,1,10
632,2,20
632,3,12
632,4,11
633,0,5
633,1,19
633,2,35
633,3,16
633,4,7
634,0,3
634,1,8
634,2,28
634,3,11
634,4,6
635,0,7
635,1,9
635,2,12
635,3,9
635,4,4
636,1,5
636,2,14
636,3,9
636,4,12
637,1,14
637,2,18
637,3,11
637,4,3
638,1,7
638,2,18
638,3,16
638,4,13
639,1,7
639,2,18
639,3,7
639,4,14
640,2,12
640,3,6
640,4,10
641,0,1
641,1,6
641,2,14
641,3,8
641,4,12
642,1,3
642,2,9
642,3,12
642,4,7
643,0,1
643,1,5
643,2,19
643,3,6
643,4,7
644,1,2
644,2,10
644,3,15
644,4,6
645,1,8
645,2,12
645,3,12
645,4,9
646,1,2
646,2,17
646,3,11
646,4,4
647,1,4
647,2,21
647,3,14
647,4,14
648,0,1
648,1,7
648,2,21
648,3,18
648,4,9
649,1,6
649,2,10
649,3,3
649,4,14
650,0,1
650,1,7
650,2,20
650,3,13
650,4,9
651,1,15
651,2,25
651,3,8
651,4,5
652,1,4
652,2,25
652,3,11
652,4,7
653,0,1
653,1,21
653,2,41
653,3,26
653,4,19
654,1,48
654,2,54
654,3,18
654,4,5
655,1,19
655,2,67
655,3,24
655,4,20
656,1,11
656,2,34
656,3,16
656,4,8
657,0,1
657,1,16
657,2,35
657,3,21
657,4,11
658,0,2
658,1,7
658,2,22
658,3,14
658,4,6
659,0,1
659,1,4
659,2,19
659,3,2
659,4,2
660,0,2
660,1,5
660,2,14
660,3,7
660,4,3
661,0,3
661,1,52
661,2,55
661,3,22
661,4,9
662,1,9
662,2,20
662,3,7
662,4,3
663,0,1
663,1,6
663,2,12
663,3,2
664,0,1
664,1,23
664,2,31
664,3,18
664,4,8
665,0,4
665,1,17
665,2,25
665,3,23
665,4,7
666,0,1
666,1,17
666,2,37
666,3,7
666,4,1
667,0,1
667,1,20
667,2,24
667,3,7
667,4,1
668,0,1
668,1,10
668,2,34
668,3,10
668,4,8
669,0,1
669,1,20
669,2,40
669,3,18
669,4,4
670,0,4
670,1,15
670,2,46
670,3,14
670,4,7
671,0,5
671,1,20
671,2,28
671,3,8
671,4,3
672,0,2
672,1,18
672,2,18
672,3,11
672,4,2
673,1,13
673,2,20
673,3,11
673,4,5
674,0,1
674,1,16
674,2,25
674,3,23
674,4,8
675,1,8
675,2,29
675,3,14
675,4,8
676,0,6
676,1,53
676,2,42
676,3,11
676,4,7
677,0,7
677,1,23
677,2,24
677,3,6
677,4,4
678,1,1
678,2,7
678,3,11
678,4,7
679,0,4
679,1,16
679,2,14
679,3,10
679,4,8
680,0,5
680,1,15
680,2,33
680,3,10
680,4,5
681,0,3
681,1,18
681,2,24
681,3,8
681,4,2
682,1,18
682,2,31
682,3,10
682,4,8
683,1,12
683,2,25
683,3,11
683,4,5
684,0,1
684,1,16
684,2,36
684,3,14
684,4,8
685,0,1
685,1,15
685,2,21
685,3,4
685,4,6
686,0,1
686,1,21
686,2,30
686,3,10
686,4,6
687,0,4
687,1,10
687,2,28
687,3,5
687,4,1
688,0,2
688,1,23
688,2,35
688,3,13
688,4,5
689,1,12
689,2,25
689,3,6
689,4,4
690,1,13
690,2,31
690,3,17
690,4,10
691,0,1
691,1,7
691,2,14
691,3,12
691,4,6
692,1,4
692,2,17
692,3,6
692,4,5
693,0,1
693,1,11
693,2,21
693,3,10
693,4,1
694,0,1
694,1,9
694,2,31
694,3,18
694,4,10
695,1,14
695,2,48
695,3,16
695,4,12
696,0,1
696,1,21
696,2,33
696,3,10
696,4,6
697,1,6
697,2,4
697,3,6
697,4,1
698,0,3
698,1,22
698,2,52
698,3,24
698,4,15
699,0,1
699,1,10
699,2,24
699,3,9
699,4,9
700,0,2
700,1,36
700,2,49
700,3,24
700,4,11
701,0,3
701,1,23
701,2,45
701,3,14
701,4,5
702,0,6
702,1,26
702,2,55
702,3,21
702,4,4
703,1,18
703,2,27
703,3,11
703,4,9
704,1,6
704,2,22
704,3,11
704,4,5
705,0,3
705,1,32
705,2,49
705,3,30
705,4,12
706,0,1
706,1,5
706,2,13
706,3,8
706,4,3
707,0,3
707,1,16
707,2,32
707,3,20
707,4,19
708,0,3
708,1,25
708,2,25
708,3,25
708,4,9
709,0,5
709,1,18
709,2,25
709,3,6
709,4,9
710,1,25
710,2,28
710,3,8
710,4,5
711,1,13
711,2,33
711,3,24
711,4,6
712,0,1
712,1,18
712,2,13
712,3,13
712,4,4
713,1,18
713,2,26
713,3,12
713,4,6
714,0,1
714,1,6
714,2,5
714,3,3
714,4,1
715,0,5
715,1,24
715,2,46
715,3,20
715,4,5
716,0,3
716,1,11
716,2,16
716,3,9
716,4,2
717,0,2
717,1,18
717,2,36
717,3,8
717,4,5
718,0,2
718,1,19
718,2,34
718,3,27
718,4,5
719,0,1
719,1,26
719,2,51
719,3,13
719,4,6
720,0,2
720,1,12
720,2,24
720,3,13
720,4,2
721,0,3
721,1,35
721,2,32
721,3,4
721,4,7
722,0,2
722,1,20
722,2,49
722,3,19
722,4,3
723,0,1
723,1,21
723,2,17
723,3,11
723,4,6
724,0,6
724,1,31
724,2,42
724,3,9
724,4,1
725,1,10
725,2,18
725,3,11
725,4,7
726,0,1
726,1,28
726,2,37
726,3,16
726,4,11
727,1,6
727,2,23
727,3,5
727,4,1
728,0,1
728,1,19
728,2,40
728,3,16
728,4,10
729,0,2
729,1,36
729,2,80
729,3,29
729,4,8
730,0,7
730,1,52
730,2,47
730,3,14
730,4,7
731,0,4
731,1,36
731,2,27
731,3,6
731,4,9
732,0,2
732,1,11
732,2,24
732,3,10
732,4,4
733,0,1
733,1,23
733,2,41
733,3,13
733,4,8
734,0,1
734,1,26
734,2,73
734,3,17
734,4,4
735,1,12
735,2,13
735,3,9
735,4,10
736,0,2
736,1,28
736,2,57
736,3,13
736,4,13
737,0,2
737,1,8
737,2,29
737,3,15
737,4,10
738,0,3
738,1,14
738,2,22
738,3,12
738,4,8
739,0,5
739,1,35
739,2,40
739,3,7
739,4,4
740,1,14
740,2,17
740,3,11
740,4,3
741,0,3
741,1,13
741,2,22
741,3,14
741,4,3
742,0,9
742,1,77
742,2,66
742,3,35
742,4,13
743,0,2
743,1,30
743,2,46
743,3,20
743,4,10
744,0,5
744,1,15
744,2,29
744,3,6
744,4,5
745,0,1
745,1,19
745,2,22
745,3,12
745,4,2
746,1,15
746,2,45
746,3,24
746,4,7
747,1,9
747,2,19
747,3,7
747,4,10
748,1,8
748,2,16
748,3,9
748,4,6
749,0,2
749,1,13
749,2,38
749,3,14
749,4,8
750,1,8
750,2,11
750,3,2
750,4,3
751,1,3
751,2,2
751,3,1
752,1,6
752,2,3
752,3,3
752,4,2
753,1,2
753,2,26
753,3,9
753,4,9
754,1,3
754,2,14
754,3,12
754,4,13
755,0,2
755,1,26
755,2,54
755,3,25
755,4,10
756,0,3
756,1,18
756,2,30
756,3,18
756,4,7
757,1,5
757,2,10
757,3,9
757,4,3
758,0,1
758,1,17
758,2,25
758,3,17
758,4,22
759,0,1
759,1,10
759,2,41
759,3,17
759,4,11
760,0,4
760,1,9
760,2,19
760,3,10
760,4,12
761,0,6
761,1,32
761,2,44
761,3,21
761,4,8
762,0,1
762,1,11
762,2,23
762,3,6
762,4,5
763,0,7
763,1,38
763,2,46
763,3,17
763,4,8
764,0,2
764,1,19
764,2,32
764,3,23
764,4,8
765,0,1
765,1,4
765,2,13
765,3,9
765,4,5
766,1,12
766,2,22
766,3,4
766,4,4
767,0,4
767,1,27
767,2,56
767,3,18
767,4,23
768,0,2
768,1,14
768,2,30
768,3,28
768,4,14
769,0,1
769,1,35
769,2,80
769,3,24
769,4,17
770,0,1
770,1,13
770,2,36
770,3,15
770,4,7
771,0,1
771,1,14
771,2,41
771,3,16
771,4,8
772,0,1
772,1,9
772,2,21
772,3,16
772,4,10
773,0,3
773,1,14
773,2,23
773,3,17
773,4,7
774,0,5
774,1,29
774,2,30
774,3,13
774,4,9
775,0,4
775,1,24
775,2,53
775,3,26
775,4,14
776,0,3
776,1,15
776,2,33
776,3,18
776,4,8
777,0,17
777,1,38
777,2,32
777,3,5
777,4,8
778,0,15
778,1,83
778,2,64
778,3,26
778,4,8
779,1,7
779,2,20
779,3,15
779,4,3
780,0,1
780,1,7
780,2,16
780,3,8
780,4,9
781,0,1
781,1,14
781,2,25
781,3,9
781,4,6
782,0,3
782,1,14
782,2,42
782,3,10
782,4,8
783,0,1
783,1,9
783,2,13
783,3,11
783,4,3
784,1,10
784,2,19
784,3,14
784,4,8
785,0,5
785,1,14
785,2,33
785,3,19
785,4,5
786,1,17
786,2,15
786,3,14
786,4,8
787,1,15
787,2,37
787,3,17
787,4,11
788,1,11
788,2,32
788,3,17
788,4,10
789,1,4
789,2,22
789,3,7
789,4,7
790,0,1
790,1,6
790,2,20
790,3,12
790,4,7
791,0,2
791,1,8
791,2,18
791,3,7
791,4,3
792,0,1
792,1,3
792,2,10
792,3,6
792,4,9
793,0,4
793,1,6
793,2,11
793,3,10
793,4,11
794,0,1
794,1,9
794,2,6
794,3,5
794,4,5
795,0,2
795,1,6
795,2,19
795,3,6
795,4,4
796,0,4
796,1,16
796,2,19
796,3,17
796,4,11
797,0,1
797,1,15
797,2,27
797,3,18
797,4,17
798,0,1
798,1,17
798,2,31
798,3,13
798,4,5
799,0,2
799,1,15
799,2,21
799,3,15
799,4,9
800,0,4
800,1,11
800,2,30
800,3,12
800,4,4
801,0,14
801,1,44
801,2,78
801,3,44
801,4,21
802,1,6
802,2,18
802,3,11
802,4,7
803,0,2
803,1,15
803,2,11
803,3,5
803,4,2
804,0,2
804,1,8
804,2,16
804,3,7
804,4,8
805,0,2
805,1,15
805,2,29
805,3,20
805,4,11
806,0,2
806,1,25
806,2,49
806,3,29
806,4,13
807,1,5
807,2,18
807,3,11
807,4,8
808,1,8
808,2,7
808,3,4
808,4,5
809,0,3
809,1,4
809,2,12
809,3,7
810,0,5
810,1,18
810,2,47
810,3,26
810,4,18
811,0,5
811,1,17
811,2,29
811,3,17
811,4,11
812,1,12
812,2,10
812,3,14
812,4,3
813,0,1
813,1,5
813,2,13
813,3,6
813,4,6
814,0,1
814,1,4
814,2,9
814,3,5
814,4,2
815,0,1
815,1,13
815,2,15
815,3,9
815,4,3
816,0,1
816,1,4
816,2,13
816,3,3
816,4,2
817,0,3
817,1,14
817,2,28
817,3,18
817,4,11
818,0,1
818,1,12
818,2,18
818,3,14
818,4,7
819,0,1
819,1,5
819,2,10
819,3,6
819,4,3
820,0,2
820,1,50
820,2,73
820,3,35
820,4,19
821,0,7
821,1,38
821,2,20
821,3,11
821,4,6
822,1,5
822,2,15
822,3,6
822,4,1
823,0,2
823,1,24
823,2,42
823,3,19
823,4,8
824,0,1
824,1,19
824,2,28
824,3,12
824,4,4
825,1,14
825,2,28
825,3,15
825,4,4
826,0,4
826,1,28
826,2,27
826,3,6
826,4,4
827,1,15
827,2,26
827,3,6
827,4,3
828,0,10
828,1,19
828,2,26
828,3,16
828,4,13
829,0,1
829,1,8
829,2,17
829,3,7
829,4,4
830,0,2
830,1,8
830,2,25
830,3,12
830,4,6
831,0,8
831,1,12
831,2,18
831,3,6
831,4,3
832,0,4
832,1,19
832,2,23
832,3,13
832,4,5
833,1,6
833,2,16
833,3,10
833,4,5
834,1,12
834,2,39
834,3,13
834,4,7
835,0,1
835,1,11
835,2,30
835,3,19
835,4,5
836,0,2
836,1,9
836,2,30
836,3,9
836,4,4
837,0,4
837,1,39
837,2,53
837,3,21
837,4,8
838,0,1
838,1,17
838,2,29
838,3,2
838,4,3
839,0,13
839,1,33
839,2,26
839,3,6
839,4,2
840,0,6
840,1,37
840,2,26
840,3,13
840,4,2
841,0,3
841,1,22
841,2,18
841,3,13
841,4,5
842,0,3
842,1,11
842,2,33
842,3,9
842,4,3
843,1,12
843,2,12
843,3,11
843,4,4
844,0,1
844,1,29
844,2,44
844,3,15
844,4,15
845,1,26
845,2,32
845,3,14
845,4,2
846,1,22
846,2,23
846,3,11
846,4,9
847,0,3
847,1,20
847,2,11
847,3,4
847,4,2
848,0,5
848,1,34
848,2,22
848,3,10
848,4,1
849,0,3
849,1,6
849,2,14
849,3,8
849,4,8
850,1,13
850,2,16
850,3,9
850,4,8
851,0,2
851,1,7
851,2,14
851,3,1
851,4,8
852,0,1
852,1,17
852,2,36
852,3,16
852,4,11
853,0,4
853,1,31
853,2,25
853,3,14
853,4,4
854,0,11
854,1,24
854,2,40
854,3,21
854,4,6
855,0,2
855,1,16
855,2,25
855,3,4
855,4,3
856,0,10
856,1,29
856,2,39
856,3,13
856,4,5
857,0,3
857,1,9
857,2,18
857,3,5
857,4,1
858,0,7
858,1,21
858,2,29
858,3,7
858,4,5
859,0,2
859,1,12
859,2,25
859,3,4
859,4,1
860,0,4
860,1,24
860,2,38
860,3,6
860,4,4
861,0,9
861,1,22
861,2,37
861,3,12
861,4,7
862,0,4
862,1,34
862,2,34
862,3,10
862,4,7
863,0,3
863,1,16
863,2,9
863,3,5
863,4,2
864,0,16
864,1,45
864,2,39
864,3,6
864,4,1
865,0,6
865,1,8
865,2,28
865,3,9
865,4,4
866,0,1
866,1,11
866,2,26
866,3,6
866,4,4
867,0,1
867,1,8
867,2,10
867,3,9
867,4,2
868,0,4
868,1,9
868,2,18
868,3,8
869,0,5
869,1,22
869,2,29
869,3,5
870,0,5
870,1,19
870,2,31
870,3,10
870,4,4
871,0,23
871,1,44
871,2,29
871,3,3
871,4,3
872,0,5
872,1,22
872,2,43
872,3,11
872,4,7
873,0,1
873,1,14
873,2,42
873,3,11
873,4,6
875,0,3
875,1,14
875,2,13
875,3,7
875,4,3
876,0,2
876,1,5
876,2,4
876,3,4
876,4,2
877,0,3
877,1,7
877,2,13
877,3,13
877,4,2
878,0,4
878,1,16
878,2,16
878,3,9
878,4,4
879,0,6
879,1,10
879,2,26
879,3,8
879,4,1
880,0,3
880,1,14
880,2,15
880,3,8
880,4,2
881,0,3
881,1,8
881,2,8
881,3,8
881,4,2
882,1,17
882,2,11
882,3,5
882,4,2
883,0,1
883,1,8
883,2,14
883,3,9
883,4,3
884,1,16
884,2,26
884,3,9
884,4,2
885,0,2
885,1,23
885,2,38
885,3,15
885,4,5
886,0,1
886,1,21
886,2,33
886,3,9
886,4,5
887,0,4
887,1,10
887,2,16
887,3,9
887,4,1
888,0,11
888,1,15
888,2,23
888,3,9
888,4,2
889,0,6
889,1,8
889,2,16
889,3,11
889,4,3
890,0,4
890,1,11
890,2,22
890,3,5
890,4,3
891,0,10
891,1,7
891,2,23
891,3,10
891,4,5
892,0,3
892,1,5
892,2,26
892,3,11
892,4,2
893,0,3
893,1,6
893,2,13
893,3,8
893,4,6
894,0,5
894,1,22
894,2,13
894,3,3
894,4,4
895,0,12
895,1,30
895,2,27
895,3,12
895,4,2
896,0,1
896,1,5
896,2,5
896,3,8
896,4,2
897,0,9
897,1,7
897,2,17
897,3,11
897,4,6
898,0,12
898,1,14
898,2,24
898,3,8
898,4,2
899,0,13
899,1,28
899,2,40
899,3,12
899,4,11
900,0,6
900,1,18
900,2,26
900,3,6
900,4,2
901,0,5
901,1,25
901,2,23
901,3,7
901,4,1
902,0,9
902,1,29
902,2,14
902,3,5
902,4,1
903,0,5
903,1,23
903,2,25
903,3,7
903,4,1
904,0,9
904,1,27
904,2,37
904,3,11
904,4,4
905,0,4
905,1,11
905,2,27
905,3,14
905,4,4
906,0,10
906,1,29
906,2,30
906,3,11
906,4,3
907,0,4
907,1,9
907,2,11
907,3,6
907,4,5
908,0,6
908,1,14
908,2,22
908,3,9
908,4,4
909,0,3
909,1,11
909,2,18
909,3,6
909,4,1
910,0,5
910,1,24
910,2,25
910,3,10
910,4,3
911,0,2
911,1,22
911,2,20
911,3,2
911,4,3
912,0,1
912,1,12
912,2,30
912,3,5
912,4,2
913,1,23
913,2,49
913,3,13
913,4,5
914,0,2
914,1,21
914,2,30
914,3,17
914,4,7
915,0,2
915,1,18
915,2,18
915,3,7
916,0,2
916,1,18
916,2,28
916,3,9
916,4,2
917,0,5
917,1,8
917,2,17
917,3,21
917,4,8
918,0,2
918,1,9
918,2,41
918,3,13
918,4,10
919,1,7
919,2,8
919,3,5
919,4,1
920,0,1
920,1,6
920,2,16
920,3,7
920,4,2
921,0,3
921,1,12
921,2,12
921,3,7
921,4,2
922,0,4
922,1,22
922,2,26
922,3,4
922,4,3
923,0,7
923,1,36
923,2,36
923,3,12
923,4,7
924,0,6
924,1,25
924,2,24
924,3,9
924,4,7
925,0,7
925,1,15
925,2,28
925,3,12
925,4,9
926,0,16
926,1,26
926,2,19
926,3,12
926,4,3
927,0,6
927,1,18
927,2,13
927,3,3
927,4,1
928,0,3
928,1,20
928,2,11
928,3,4
928,4,6
929,0,3
929,1,5
929,2,24
929,3,4
929,4,5
930,0,2
930,1,14
930,2,8
930,3,5
930,4,4
931,0,7
931,1,15
931,2,26
931,3,3
931,4,5
932,0,2
932,1,14
932,2,18
932,3,6
932,4,7
933,0,5
933,1,13
933,2,33
933,3,15
933,4,4
934,0,13
934,1,41
934,2,33
934,3,4
934,4,2
935,0,8
935,1,14
935,2,20
935,3,9
935,4,5
936,0,10
936,1,26
936,2,17
936,3,10
936,4,3
937,0,4
937,1,20
937,2,23
937,3,4
937,4,5
938,0,1
938,1,10
938,2,14
938,3,15
938,4,4
939,0,3
939,1,40
939,2,24
939,3,7
939,4,1
940,0,12
940,1,44
940,2,12
940,4,1
941,0,13
941,1,36
941,2,30
941,3,3
941,4,3
942,0,31
942,1,57
942,2,4
943,0,8
943,1,37
943,2,20
943,3,6
943,4,7
944,0,32
944,1,45
944,2,17
945,0,29
945,1,59
945,2,5
946,0,28
946,1,43
946,2,23
946,3,7
946,4,1
947,0,52
947,1,126
947,2,50
947,3,8
947,4,8
948,0,6
948,1,19
948,2,29
948,3,6
948,4,2
949,0,7
949,1,13
949,2,24
949,3,10
949,4,2
950,0,6
950,1,19
950,2,20
950,3,7
950,4,6
951,0,6
951,1,25
951,2,40
951,3,9
951,4,13
952,0,3
952,1,30
952,2,35
952,3,17
952,4,8
953,0,2
953,1,25
953,2,39
953,3,12
953,4,12
954,0,10
954,1,49
954,2,19
954,3,6
955,0,7
955,1,21
955,2,10
955,3,2
956,0,10
956,1,28
956,2,30
956,3,5
956,4,6
957,0,2
957,1,30
957,2,25
957,3,5
957,4,5
958,0,3
958,1,26
958,2,23
958,3,4
958,4,2
959,0,13
959,1,20
959,2,33
959,3,7
959,4,1
960,0,17
960,1,41
960,2,31
960,3,9
960,4,3
961,0,1
961,1,9
961,2,15
961,3,2
961,4,2
962,0,6
962,1,31
962,2,23
962,3,6
963,0,11
963,1,36
963,2,33
963,3,6
963,4,3
964,0,4
964,1,47
964,2,45
964,3,23
964,4,19
965,0,1
965,1,3
965,2,7
965,4,1
966,3,1
967,0,17
967,1,19
967,2,3
967,3,2
968,0,27
968,1,31
968,2,1
968,3,1
969,0,18
969,1,19
970,0,52
970,1,54
970,2,6
971,0,19
971,1,30
971,2,2
972,0,30
972,1,96
972,2,21
972,3,2
973,0,12
973,1,32
973,2,9
973,3,1
973,4,3
974,0,19
974,1,65
974,2,27
974,3,5
974,4,2
975,0,10
975,1,24
975,2,22
975,3,1
975,4,1
976,0,41
976,1,52
976,2,13
976,3,2
976,4,3
977,0,23
977,1,44
977,2,15
977,3,3
978,0,23
978,1,31
978,2,19
978,3,7
978,4,2
979,0,39
979,1,78
979,2,4
979,3,1
980,0,5
980,1,10
980,2,10
980,4,2
981,0,7
981,1,8
981,2,4
982,0,2
982,1,16
982,2,8
982,3,1
982,4,1
983,0,5
983,1,14
983,2,12
983,3,6
983,4,1
984,1,1
984,3,1
985,0,10
985,1,11
985,2,4
986,0,1
986,1,12
986,2,14
986,3,3
987,0,5
987,1,11
987,2,15
987,3,3
987,4,1
988,0,4
988,1,24
988,2,28
988,3,7
988,4,4
989,0,9
989,1,13
989,2,12
989,3,3
989,4,2
990,0,18
990,1,29
990,2,15
990,3,5
990,4,1
991,0,57
991,1,140
991,2,45
991,3,7
991,4,1
992,0,5
992,1,10
992,2,20
992,3,7
992,4,1
993,0,5
993,1,27
993,2,12
993,3,4
993,4,1
994,0,2
994,1,9
994,2,12
994,3,3
995,0,11
995,1,23
995,2,27
995,3,5
995,4,4
996,0,9
996,1,31
996,2,17
996,3,8
996,4,7
997,0,5
997,1,9
997,2,10
997,3,5
998,0,13
998,1,42
998,2,30
998,3,14
998,4,3
999,0,4
999,1,12
999,2,9
999,4,4
1000,0,5
1000,1,22
1000,2,20
1000,3,2
1000,4,2
1001,0,10
1001,1,23
1001,2,23
1001,3,5
1001,4,5
1002,0,5
1002,1,15
1002,2,10
1002,3,8
1002,4,2
1003,0,8
1003,1,25
1003,2,9
1003,3,2
1004,0,2
1004,1,11
1004,2,17
1004,3,2
1004,4,3
1005,0,2
1005,1,10
1005,2,20
1005,3,7
1005,4,4
1006,0,14
1006,1,36
1006,2,24
1006,3,4
1006,4,1
1007,0,41
1007,1,49
1007,2,16
1007,3,7
1007,4,3
1008,0,172
1008,1,119
1008,2,8
1008,3,2
1009,0,22
1009,1,43
1009,2,20
1009,3,2
1009,4,1
1010,0,8
1010,1,15
1010,2,13
1010,3,2
1010,4,1
1011,0,19
1011,1,38
1011,2,7
1011,3,3
1011,4,1
1012,0,12
1012,1,28
1012,2,27
1012,3,11
1012,4,2
1013,0,5
1013,1,22
1013,2,15
1013,3,8
1013,4,3
1014,0,12
1014,1,20
1014,2,7
1014,3,2
1014,4,2
1015,0,9
1015,1,19
1015,2,8
1015,3,4
1015,4,3
1016,0,15
1016,1,33
1016,2,21
1016,3,5
1016,4,2
1017,0,13
1017,1,36
1017,2,24
1017,3,4
1017,4,3
1018,0,60
1018,1,52
1018,2,12
1019,0,29
1019,1,15
1019,2,1
1020,0,33
1020,1,47
1020,2,24
1020,3,4
1020,4,1
1021,0,13
1021,1,44
1021,2,11
1021,3,2
1022,0,14
1022,1,29
1022,2,9
1022,3,3
1023,0,15
1023,1,25
1023,2,15
1023,3,6
1023,4,2
1024,0,7
1024,1,21
1024,2,16
1024,3,4
1024,4,2
1025,0,7
1025,1,22
1025,2,22
1025,3,11
1026,0,1
1026,1,11
1026,2,12
1026,3,3
1026,4,3
1027,0,4
1027,1,22
1027,2,25
1027,3,3
1028,0,2
1028,1,22
1028,2,30
1028,3,7
1028,4,9
1029,0,1
1029,1,13
1029,2,25
1029,3,9
1029,4,5
1030,0,2
1030,1,7
1030,2,18
1030,3,2
1030,4,1
1031,0,3
1031,1,18
1031,2,30
1031,3,11
1031,4,5
1032,0,2
1032,1,10
1032,2,9
1032,3,4
1032,4,2
1033,0,5
1033,1,25
1033,2,26
1033,3,2
1033,4,2
1034,0,9
1034,1,14
1034,2,18
1034,3,5
1034,4,3
1035,0,6
1035,1,13
1035,2,12
1035,3,6
1035,4,1
1036,0,6
1036,1,26
1036,2,14
1036,3,3
1036,4,1
1037,0,5
1037,1,16
1037,2,12
1037,4,2
1038,0,3
1038,1,12
1038,2,9
1038,3,1
1039,0,4
1039,1,31
1039,2,29
1039,3,6
1039,4,2
1040,0,6
1040,1,9
1040,2,7
1040,3,4
1041,0,7
1041,1,21
1041,2,9
1041,3,1
1042,0,3
1042,1,11
1042,2,8
1042,3,3
1042,4,1
1043,1,10
1043,2,18
1043,3,7
1043,4,2
1044,0,1
1044,1,10
1044,2,20
1044,3,3
1044,4,5
1045,0,2
1045,1,11
1045,2,9
1045,3,5
1045,4,2
1046,1,10
1046,2,10
1046,3,7
1046,4,1
1047,0,4
1047,1,12
1047,2,16
1047,3,12
1048,1,7
1048,2,13
1048,3,5
1048,4,2
1049,0,7
1049,1,13
1049,2,22
1049,3,7
1049,4,5
1050,0,2
1050,1,26
1050,2,45
1050,3,14
1050,4,6
1051,0,3
1051,1,27
1051,2,23
1051,3,4
1052,0,3
1052,1,9
1052,2,12
1052,3,4
1052,4,3
1053,0,1
1053,1,12
1053,2,25
1053,3,9
1053,4,4
1054,0,7
1054,1,11
1054,2,23
1054,3,6
1054,4,3
1055,0,6
1055,1,15
1055,2,27
1055,3,9
1055,4,3
1056,0,2
1056,1,29
1056,2,22
1056,3,3
1056,4,3
1057,0,5
1057,1,13
1057,2,14
1057,3,6
1057,4,4
1058,0,4
1058,1,23
1058,2,29
1058,3,3
1058,4,7
1059,0,3
1059,1,46
1059,2,39
1059,3,15
1059,4,4
1060,0,1
1060,1,34
1060,2,39
1060,3,11
1060,4,1
1061,0,4
1061,1,34
1061,2,30
1061,3,9
1061,4,4
1062,0,5
1062,1,22
1062,2,19
1062,3,14
1062,4,4
1063,0,4
1063,1,28
1063,2,24
1063,3,9
1063,4,3
1064,0,2
1064,1,11
1064,2,13
1064,3,2
1064,4,6
1065,0,5
1065,1,27
1065,2,30
1065,3,6
1065,4,6
1066,0,8
1066,1,50
1066,2,24
1066,3,2
1066,4,1
1067,0,1
1067,1,22
1067,2,38
1067,3,12
1067,4,12
1068,0,4
1068,1,20
1068,2,29
1068,3,6
1068,4,5
1069,0,4
1069,1,45
1069,2,64
1069,3,22
1069,4,6
1070,0,2
1070,1,12
1070,2,25
1070,3,8
1070,4,1
1071,0,3
1071,1,14
1071,2,22
1071,3,15
1071,4,6
1072,0,4
1072,1,10
1072,2,24
1072,3,7
1072,4,3
1073,0,3
1073,1,21
1073,2,28
1073,3,8
1073,4,4
1074,0,4
1074,1,21
1074,2,45
1074,3,20
1074,4,6
1075,0,1
1075,1,14
1075,2,10
1075,3,3
1075,4,2
1076,1,12
1076,2,16
1076,3,6
1076,4,3
1077,1,17
1077,2,40
1077,3,12
1077,4,12
1078,0,2
1078,1,24
1078,2,23
1078,3,10
1078,4,6
1079,0,1
1079,1,19
1079,2,48
1079,3,22
1079,4,11
1080,0,3
1080,1,9
1080,2,32
1080,3,14
1080,4,8
1081,0,3
1081,1,10
1081,2,27
1081,3,14
1081,4,4
1082,0,6
1082,1,17
1082,2,32
1082,3,14
1082,4,7
1083,0,11
1083,1,59
1083,2,88
1083,3,20
1083,4,15
1084,1,22
1084,2,52
1084,3,19
1084,4,9
1085,1,6
1085,2,23
1085,3,13
1085,4,8
1086,0,1
1086,1,14
1086,2,35
1086,3,14
1086,4,12
1087,0,1
1087,1,24
1087,2,38
1087,3,19
1087,4,11
1088,1,8
1088,2,6
1088,3,8
1088,4,8
1089,1,12
1089,2,30
1089,3,14
1089,4,6
1090,0,1
1090,1,18
1090,2,24
1090,3,11
1090,4,1
1091,0,1
1091,1,25
1091,2,21
1091,3,5
1091,4,1
1092,0,1
1092,1,8
1092,2,2
1093,0,4
1093,1,31
1093,2,9
1093,4,2
1094,0,3
1094,1,45
1094,2,43
1094,3,12
1094,4,5
1095,1,10
1095,2,17
1095,3,9
1095,4,2
1096,1,43
1096,2,51
1096,3,15
1096,4,6
1097,1,7
1097,2,25
1097,3,9
1097,4,2
1098,0,6
1098,1,58
1098,2,71
1098,3,47
1098,4,21
1099,0,1
1099,1,24
1099,2,43
1099,3,16
1099,4,7
1100,1,24
1100,2,47
1100,3,18
1100,4,12
1101,0,1
1101,1,10
1101,2,21
1101,3,14
1101,4,3
1102,1,4
1102,2,8
1102,3,4
1102,4,2
1103,0,1
1103,1,30
1103,2,49
1103,3,22
1103,4,8
1104,0,2
1104,1,13
1104,2,14
1104,3,8
1104,4,4
1105,1,5
1105,2,7
1105,3,3
1105,4,1
1106,0,2
1106,1,41
1106,2,40
1106,3,17
1106,4,5
1107,0,4
1107,1,17
1107,2,16
1107,3,9
1107,4,3
1108,0,1
1108,1,23
1108,2,37
1108,3,16
1108,4,2
1109,0,2
1109,1,35
1109,2,37
1109,3,16
1109,4,9
1110,0,3
1110,1,39
1110,2,42
1110,3,17
1110,4,4
1111,0,1
1111,1,18
1111,2,22
1111,3,14
1111,4,6
1112,0,3
1112,1,26
1112,2,29
1112,3,15
1112,4,3
1113,0,6
1113,1,36
1113,2,17
1113,3,1
1114,0,7
1114,1,19
1114,2,38
1114,3,9
1114,4,7
1115,0,4
1115,1,13
1115,2,32
1115,3,10
1115,4,3
1116,0,1
1116,1,11
1116,2,15
1116,3,9
1116,4,4
1117,1,13
1117,2,22
1117,3,1
1118,0,3
1118,1,31
1118,2,51
1118,3,13
1118,4,6
1119,0,2
1119,1,29
1119,2,53
1119,3,22
1119,4,4
1120,1,24
1120,2,51
1120,3,29
1120,4,6
1121,0,8
1121,1,93
1121,2,63
1121,3,5
1121,4,2
1122,0,2
1122,1,40
1122,2,52
1122,3,16
1122,4,7
1123,0,2
1123,1,38
1123,2,40
1123,3,11
1123,4,3
1124,0,7
1124,1,45
1124,2,34
1124,3,12
1124,4,8
1125,0,1
1125,1,18
1125,2,27
1125,3,9
1125,4,8
1126,0,2
1126,1,30
1126,2,48
1126,3,13
1126,4,7
1127,0,1
1127,1,28
1127,2,57
1127,3,10
1127,4,5
1128,0,2
1128,1,21
1128,2,30
1128,3,6
1128,4,3
1129,0,1
1129,1,33
1129,2,34
1129,3,8
1129,4,7
1130,1,16
1130,2,20
1130,3,7
1130,4,3
1131,0,1
1131,1,15
1131,2,42
1131,3,15
1131,4,5
1132,0,1
1132,1,10
1132,2,33
1132,3,22
1132,4,6
1133,0,1
1133,1,32
1133,2,47
1133,3,23
1133,4,4
1134,0,2
1134,1,44
1134,2,42
1134,3,6
1134,4,4
1135,0,1
1135,1,35
1135,2,37
1135,3,7
1135,4,4
1136,0,9
1136,1,35
1136,2,31
1136,3,2
1136,4,2
1137,1,12
1137,2,23
1137,3,8
1137,4,4
1138,0,2
1138,1,27
1138,2,44
1138,3,17
1138,4,4
1139,1,9
1139,2,19
1139,3,6
1139,4,4
1140,0,1
1140,1,14
1140,2,21
1140,3,4
1140,4,4
1141,0,2
1141,1,18
1141,2,31
1141,3,19
1141,4,2
1142,0,1
1142,1,18
1142,2,29
1142,3,9
1142,4,2
1143,0,1
1143,1,38
1143,2,29
1143,3,9
1143,4,3
1144,1,26
1144,2,23
1144,3,6
1144,4,2
1145,0,21
1145,1,83
1145,2,36
1145,3,8
1145,4,4
1146,0,4
1146,1,35
1146,2,16
1146,3,1
1146,4,2
1147,0,5
1147,1,44
1147,2,19
1147,3,12
1147,4,4
1148,0,7
1148,1,110
1148,2,68
1148,3,13
1148,4,1
1149,0,2
1149,1,28
1149,2,35
1149,3,7
1149,4,3
1150,1,20
1150,2,25
1150,3,11
1150,4,6
1151,1,13
1151,2,31
1151,3,13
1151,4,7
1152,0,5
1152,1,52
1152,2,30
1152,3,8
1152,4,3
1153,0,1
1153,1,8
1153,2,32
1153,3,10
1153,4,3
1154,0,1
1154,1,22
1154,2,44
1154,3,26
1154,4,8
1155,1,11
1155,2,5
1155,3,9
1155,4,3
1156,0,1
1156,1,5
1156,2,17
1156,3,4
1156,4,3
1157,0,1
1157,1,17
1157,2,18
1157,3,3
1158,0,3
1158,1,22
1158,2,34
1158,3,17
1158,4,4
1159,0,8
1159,1,43
1159,2,16
1159,3,4
1159,4,7
1160,1,15
1160,2,29
1160,3,13
1160,4,7
1161,0,1
1161,1,48
1161,2,73
1161,3,27
1161,4,11
1162,1,1
1162,2,16
1162,3,1
1163,1,10
1163,2,26
1163,3,12
1163,4,5
1164,0,1
1164,1,18
1164,2,33
1164,3,9
1164,4,6
1165,1,18
1165,2,30
1165,3,20
1165,4,6
1166,0,1
1166,1,21
1166,2,48
1166,3,31
1166,4,9
1167,0,2
1167,1,20
1167,2,54
1167,3,29
1167,4,11
1168,0,4
1168,1,51
1168,2,52
1168,3,12
1168,4,7
1169,0,1
1169,1,23
1169,2,29
1169,3,12
1169,4,5
1170,0,4
1170,1,42
1170,2,55
1170,3,14
1170,4,10
1171,1,25
1171,2,40
1171,3,23
1171,4,14
1172,0,1
1172,1,17
1172,2,33
1172,3,10
1172,4,8
1173,1,12
1173,2,12
1173,3,10
1173,4,4
1174,0,1
1174,1,24
1174,2,29
1174,3,16
1174,4,4
1175,0,7
1175,1,51
1175,2,67
1175,3,32
1175,4,10
1176,0,5
1176,1,88
1176,2,226
1176,3,89
1176,4,50
1177,0,2
1177,1,36
1177,2,103
1177,3,32
1177,4,13
1178,0,4
1178,1,109
1178,2,201
1178,3,54
1178,4,22
1179,0,8
1179,1,50
1179,2,106
1179,3,23
1179,4,11
1180,0,2
1180,1,25
1180,2,61
1180,3,30
1180,4,13
1181,0,1
1181,1,15
1181,2,25
1181,3,8
1181,4,5
1182,0,2
1182,1,32
1182,2,59
1182,3,19
1182,4,12
1183,1,7
1183,2,22
1183,3,5
1183,4,2
1184,1,11
1184,2,14
1184,3,6
1184,4,8
1185,1,26
1185,2,66
1185,3,47
1185,4,14
1186,0,3
1186,1,38
1186,2,74
1186,3,42
1186,4,24
1187,1,18
1187,2,44
1187,3,15
1187,4,8
1188,0,1
1188,1,37
1188,2,53
1188,3,13
1188,4,7
1189,0,3
1189,1,22
1189,2,42
1189,3,8
1189,4,6
1190,0,2
1190,1,14
1190,2,19
1190,3,4
1190,4,4
1191,0,1
1191,1,14
1191,2,28
1191,3,11
1191,4,6
1192,0,1
1192,1,9
1192,2,24
1192,3,8
1192,4,9
1193,0,4
1193,1,31
1193,2,34
1193,3,8
1193,4,5
1194,1,16
1194,2,28
1194,3,12
1194,4,4
1195,1,31
1195,2,69
1195,3,46
1195,4,16
1196,0,2
1196,1,15
1196,2,26
1196,3,20
1196,4,15
1197,0,4
1197,1,13
1197,2,13
1197,3,8
1197,4,4
1198,0,1
1198,1,13
1198,2,24
1198,3,7
1198,4,1
1199,0,5
1199,1,38
1199,2,38
1199,3,7
1199,4,5
1200,0,2
1200,1,23
1200,2,41
1200,3,26
1200,4,18
1201,0,1
1201,1,7
1201,2,12
1201,3,9
1201,4,2
1202,0,2
1202,1,9
1202,2,14
1202,3,7
1202,4,3
1203,0,2
1203,1,10
1203,2,11
1203,3,7
1203,4,5
1204,0,1
1204,1,9
1204,2,10
1204,3,5
1204,4,3
1205,0,2
1205,1,4
1205,2,16
1205,3,8
1205,4,4
1206,0,2
1206,1,16
1206,2,21
1206,3,6
1206,4,3
1207,0,1
1207,1,13
1207,2,24
1207,3,11
1207,4,8
1208,0,3
1208,1,33
1208,2,29
1208,3,11
1208,4,4
1209,0,1
1209,1,14
1209,2,22
1209,3,16
1209,4,3
1210,0,1
1210,1,12
1210,2,32
1210,3,14
1211,0,1
1211,1,23
1211,2,24
1211,3,9
1211,4,7
1212,0,1
1212,1,27
1212,2,28
1212,3,5
1212,4,7
1213,0,2
1213,1,16
1213,2,13
1213,3,6
1213,4,3
1214,1,13
1214,2,27
1214,3,6
1214,4,3
1215,0,2
1215,1,27
1215,2,19
1215,3,6
1215,4,3
1216,0,2
1216,1,12
1216,2,25
1216,3,7
1216,4,4
1217,1,11
1217,2,18
1217,3,15
1217,4,11
1218,0,1
1218,1,14
1218,2,20
1218,3,9
1218,4,11
1219,1,13
1219,2,16
1219,3,11
1219,4,2
1220,0,2
1220,1,23
1220,2,35
1220,3,21
1220,4,21
1221,0,2
1221,1,9
1221,2,33
1221,3,8
1221,4,6
1222,0,6
1222,1,45
1222,2,11
1222,3,5
1223,0,1
1223,1,14
1223,2,13
1223,3,3
1223,4,4
1224,0,8
1224,1,26
1224,2,9
1224,4,1
1225,0,1
1225,1,19
1225,2,14
1225,3,3
1225,4,1
1226,0,2
1226,1,8
1226,2,15
1226,3,7
1226,4,6
1227,1,7
1227,2,10
1227,3,6
1227,4,1
1228,1,6
1228,2,13
1228,3,5
1228,4,3
1229,0,4
1229,1,28
1229,2,30
1229,3,7
1229,4,4
1230,0,2
1230,1,10
1230,2,51
1230,3,22
1230,4,5
1231,0,3
1231,1,17
1231,2,19
1231,3,4
1231,4,5
1232,0,2
1232,1,5
1232,2,17
1232,3,7
1232,4,3
1233,0,3
1233,1,7
1233,2,15
1233,3,9
1233,4,3
1234,0,5
1234,1,19
1234,2,24
1234,3,7
1234,4,5
1235,0,3
1235,1,14
1235,2,15
1235,3,5
1235,4,2
1236,0,4
1236,1,15
1236,2,20
1236,3,13
1236,4,1
1237,0,1
1237,1,9
1237,2,18
1237,3,6
1238,1,3
1238,2,3
1238,3,3
1238,4,2
1239,0,1
1239,1,3
1239,2,11
1239,3,5
1239,4,4
1240,0,1
1240,1,8
1240,2,20
1240,3,9
1240,4,9
1241,0,4
1241,1,17
1241,2,8
1241,3,5
1241,4,1
1242,0,12
1242,1,23
1242,2,28
1242,3,13
1242,4,3
1243,0,5
1243,1,31
1243,2,30
1243,3,10
1243,4,3
1244,0,3
1244,1,5
1244,2,26
1244,3,15
1244,4,10
1245,0,1
1245,1,8
1245,2,24
1245,3,11
1245,4,7
1246,0,3
1246,1,24
1246,2,58
1246,3,29
1246,4,23
1247,1,16
1247,2,42
1247,3,17
1247,4,15
1248,0,1
1248,1,19
1248,2,42
1248,3,27
1248,4,11
1249,0,1
1249,1,10
1249,2,21
1249,3,11
1249,4,7
1250,0,1
1250,1,11
1250,2,21
1250,3,11
1250,4,4
1251,1,17
1251,2,37
1251,3,16
1251,4,9
1252,0,5
1252,1,21
1252,2,14
1252,3,5
1252,4,3
1253,0,1
1253,1,9
1253,2,13
1253,3,9
1253,4,4
1254,0,1
1254,1,14
1254,2,22
1254,3,17
1254,4,8
1255,0,4
1255,1,11
1255,2,22
1255,3,7
1255,4,5
1256,1,5
1256,2,32
1256,3,10
1256,4,5
1257,0,1
1257,1,20
1257,2,33
1257,3,15
1257,4,6
1258,0,4
1258,1,13
1258,2,22
1258,3,9
1258,4,3
1259,0,6
1259,1,16
1259,2,31
1259,3,8
1259,4,2
1260,0,1
1260,1,12
1260,2,15
1260,3,6
1260,4,3
1261,0,1
1261,1,13
1261,2,19
1261,3,11
1261,4,5
1262,0,1
1262,1,4
1262,2,9
1262,3,4
1262,4,1
1263,0,4
1263,1,7
1263,2,10
1263,3,1
1264,0,8
1264,1,22
1264,2,26
1264,3,13
1264,4,3
1265,0,5
1265,1,14
1265,2,16
1265,3,6
1265,4,1
1266,0,7
1266,1,12
1266,2,23
1266,3,7
1266,4,3
1267,0,1
1267,1,14
1267,2,21
1267,3,11
1267,4,4
1268,0,2
1268,1,38
1268,2,68
1268,3,34
1268,4,21
1269,0,3
1269,1,42
1269,2,70
1269,3,22
1269,4,8
1270,0,7
1270,1,39
1270,2,87
1270,3,44
1270,4,21
1271,0,2
1271,1,35
1271,2,60
1271,3,42
1271,4,12
1273,0,1
1273,1,7
1273,2,19
1273,3,9
1273,4,2
1274,0,2
1274,1,24
1274,2,26
1274,3,14
1274,4,5
1275,0,2
1275,1,13
1275,2,15
1275,3,8
1275,4,2
1276,0,2
1276,1,10
1276,2,14
1276,3,14
1276,4,2
1277,0,3
1277,1,16
1277,2,31
1277,3,13
1277,4,8
1278,0,1
1278,1,8
1278,2,13
1278,3,11
1278,4,7
1279,0,2
1279,1,14
1279,2,32
1279,3,13
1279,4,7
1280,0,12
1280,1,62
1280,2,62
1280,3,18
1280,4,5
1281,0,5
1281,1,35
1281,2,29
1281,3,14
1281,4,6
1282,0,2
1282,1,45
1282,2,73
1282,3,21
1282,4,10
1283,0,3
1283,1,14
1283,2,25
1283,3,6
1283,4,2
1284,0,4
1284,1,21
1284,2,29
1284,3,11
1284,4,4
1285,0,4
1285,1,17
1285,2,23
1285,3,7
1285,4,2
1286,0,1
1286,1,16
1286,2,26
1286,3,18
1286,4,8
1287,0,2
1287,1,6
1287,2,16
1287,3,3
1287,4,3
1288,1,16
1288,2,58
1288,3,35
1288,4,12
1289,0,2
1289,1,25
1289,2,29
1289,3,20
1289,4,7
1290,0,4
1290,1,49
1290,2,50
1290,3,12
1290,4,6
1291,0,5
1291,1,40
1291,2,80
1291,3,34
1291,4,13
1292,0,3
1292,1,14
1292,2,51
1292,3,25
1292,4,10
1293,0,5
1293,1,29
1293,2,36
1293,3,6
1293,4,3
1295,0,2
1295,1,26
1295,2,34
1295,3,20
1295,4,9
1296,0,1
1296,1,19
1296,2,18
1296,3,9
1296,4,3
1297,0,10
1297,1,46
1297,2,41
1297,3,33
1297,4,10
1298,0,4
1298,1,8
1298,2,7
1298,3,4
1299,0,7
1299,1,23
1299,2,11
1299,3,6
1300,1,7
1300,2,8
1300,3,6
1300,4,6
1301,0,2
1301,1,17
1301,2,17
1301,3,4
1301,4,2
1302,0,3
1302,1,14
1302,2,29
1302,3,20
1302,4,12
1303,0,1
1303,1,8
1303,2,14
1303,3,10
1303,4,5
1304,0,5
1304,1,26
1304,2,43
1304,3,20
1304,4,7
1305,0,8
1305,1,16
1305,2,26
1305,3,5
1305,4,1
1306,0,10
1306,1,29
1306,2,77
1306,3,16
1306,4,9
1307,0,1
1307,1,18
1307,2,30
1307,3,15
1307,4,4
1308,0,5
1308,1,17
1308,2,33
1308,3,13
1308,4,4
1309,0,2
1309,1,22
1309,2,25
1309,3,14
1309,4,4
1310,0,13
1310,1,41
1310,2,10
1310,3,4
1310,4,3
1311,0,2
1311,1,37
1311,2,36
1311,3,24
1311,4,10
1312,0,2
1312,1,5
1312,2,7
1312,3,5
1312,4,2
1313,0,5
1313,1,37
1313,2,24
1313,3,15
1313,4,10
1314,0,2
1314,1,35
1314,2,36
1314,3,22
1314,4,6
1315,0,1
1315,1,3
1315,2,13
1315,3,8
1315,4,4
1316,1,8
1316,2,10
1316,3,2
1316,4,1
1317,0,3
1317,1,16
1317,2,30
1317,3,15
1317,4,2
1318,0,5
1318,1,26
1318,2,24
1318,3,16
1318,4,7
1319,0,5
1319,1,26
1319,2,63
1319,3,28
1319,4,13
1320,0,6
1320,1,24
1320,2,34
1320,3,22
1320,4,3
1321,0,3
1321,1,15
1321,2,31
1321,3,14
1321,4,8
1322,0,4
1322,1,23
1322,2,33
1322,3,5
1322,4,5
1323,0,3
1323,1,52
1323,2,70
1323,3,16
1323,4,6
1324,0,1
1324,1,8
1324,2,16
1324,3,6
1324,4,1
1325,0,2
1325,1,22
1325,2,48
1325,3,19
1325,4,7
1326,0,3
1326,1,21
1326,2,24
1326,3,15
1326,4,6
1327,0,3
1327,1,25
1327,2,26
1327,3,7
1327,4,6
1328,0,4
1328,1,25
1328,2,25
1328,3,15
1328,4,8
1329,1,12
1329,2,19
1329,3,9
1329,4,6
1330,0,1
1330,1,9
1330,2,17
1330,3,6
1330,4,2
1331,0,2
1331,1,23
1331,2,34
1331,3,16
1331,4,3
1332,0,8
1332,1,28
1332,2,27
1332,3,7
1332,4,3
1333,0,3
1333,1,6
1333,2,26
1333,3,11
1333,4,5
1334,0,2
1334,1,11
1334,2,18
1334,3,17
1334,4,5
1335,0,6
1335,1,22
1335,2,44
1335,3,29
1335,4,8
1336,0,1
1336,1,47
1336,2,79
1336,3,26
1336,4,10
1337,0,4
1337,1,33
1337,2,47
1337,3,18
1337,4,12
1338,0,2
1338,1,13
1338,2,25
1338,3,9
1338,4,2
1339,0,2
1339,1,18
1339,2,24
1339,3,25
1339,4,4
1340,0,2
1340,1,21
1340,2,36
1340,3,24
1340,4,10
1341,0,3
1341,1,14
1341,2,31
1341,3,13
1341,4,9
1342,0,26
1342,1,78
1342,2,19
1342,3,15
1342,4,6
1343,0,3
1343,1,19
1343,2,18
1343,3,13
1343,4,7
1344,0,6
1344,1,26
1344,2,31
1344,3,15
1344,4,3
1345,0,3
1345,1,23
1345,2,28
1345,3,8
1345,4,2
1346,0,3
1346,1,21
1346,2,27
1346,3,7
1346,4,7
1347,0,1
1347,1,18
1347,2,28
1347,3,11
1347,4,10
1348,0,13
1348,1,19
1348,2,46
1348,3,19
1348,4,11
1349,0,5
1349,1,15
1349,2,39
1349,3,26
1349,4,6
1350,0,3
1350,1,27
1350,2,44
1350,3,13
1350,4,3
1351,0,4
1351,1,18
1351,2,21
1351,3,10
1351,4,2
1352,1,11
1352,2,16
1352,3,15
1352,4,5
1353,0,5
1353,1,44
1353,2,43
1353,3,12
1353,4,2
1354,0,3
1354,1,25
1354,2,45
1354,3,22
1354,4,4
1355,0,5
1355,1,20
1355,2,24
1355,3,7
1355,4,3
1356,0,1
1356,1,24
1356,2,46
1356,3,16
1356,4,8
1357,0,2
1357,1,22
1357,2,26
1357,3,13
1357,4,2
1358,0,8
1358,1,37
1358,2,44
1358,3,16
1358,4,3
1359,0,13
1359,1,24
1359,2,25
1359,3,15
1359,4,1
1360,0,14
1360,1,18
1360,2,19
1360,3,3
1360,4,2
1361,0,18
1361,1,15
1361,2,11
1361,3,3
1361,4,2
1362,0,5
1362,1,16
1362,2,17
1362,3,10
1362,4,1
1363,0,6
1363,1,8
1363,2,12
1363,3,5
1364,0,12
1364,1,20
1364,2,21
1364,3,3
1364,4,3
1365,0,4
1365,1,13
1365,2,27
1365,3,17
1365,4,3
1366,0,11
1366,1,33
1366,2,66
1366,3,24
1366,4,7
1367,1,23
1367,2,22
1367,3,15
1367,4,6
1368,1,14
1368,2,30
1368,3,9
1368,4,1
1369,0,2
1369,1,14
1369,2,25
1369,3,9
1369,4,4
1370,1,24
1370,2,45
1370,3,31
1370,4,8
1371,1,13
1371,2,35
1371,3,15
1371,4,7
1372,0,2
1372,1,12
1372,2,24
1372,3,10
1372,4,8
1373,0,6
1373,1,39
1373,2,52
1373,3,8
1373,4,6
1374,0,5
1374,1,44
1374,2,36
1374,3,12
1374,4,5
1375,0,7
1375,1,29
1375,2,44
1375,3,17
1375,4,6
1376,0,7
1376,1,13
1376,2,37
1376,3,18
1376,4,6
1377,0,4
1377,1,13
1377,2,26
1377,3,13
1377,4,6
1378,0,7
1378,1,18
1378,2,51
1378,3,12
1378,4,7
1379,0,4
1379,1,8
1379,2,12
1379,3,9
1379,4,6
1380,0,2
1380,1,24
1380,2,39
1380,3,28
1380,4,12
1381,0,4
1381,1,25
1381,2,61
1381,3,24
1381,4,11
1382,0,3
1382,1,17
1382,2,37
1382,3,15
1382,4,2
1383,0,1
1383,1,17
1383,2,34
1383,3,14
1383,4,9
1384,0,3
1384,1,22
1384,2,31
1384,3,19
1384,4,9
1385,0,2
1385,1,18
1385,2,22
1385,3,3
1385,4,6
1386,0,1
1386,1,23
1386,2,13
1386,3,12
1387,1,15
1387,2,19
1387,3,8
1387,4,11
1388,0,2
1388,1,11
1388,2,23
1388,3,13
1388,4,5
1389,0,2
1389,1,19
1389,2,27
1389,3,7
1389,4,1
1390,0,2
1390,1,25
1390,2,19
1390,3,9
1390,4,3
1391,0,3
1391,1,30
1391,2,22
1391,3,8
1391,4,2
1392,1,20
1392,2,23
1392,3,11
1392,4,3
1393,1,15
1393,2,14
1393,3,8
1393,4,4
1394,0,1
1394,1,13
1394,2,58
1394,3,27
1394,4,13
1395,0,2
1395,1,31
1395,2,41
1395,3,13
1395,4,9
1396,0,2
1396,1,25
1396,2,63
1396,3,28
1396,4,6
1397,0,4
1397,1,32
1397,2,23
1397,3,7
1397,4,12
1398,0,4
1398,1,23
1398,2,13
1398,3,7
1398,4,1
1399,1,20
1399,2,15
1399,3,6
1399,4,1
1400,0,1
1400,1,17
1400,2,15
1400,3,8
1400,4,3
1401,0,2
1401,1,9
1401,2,15
1401,3,12
1401,4,3
1402,0,6
1402,1,44
1402,2,80
1402,3,19
1402,4,9
1403,1,22
1403,2,26
1403,3,9
1403,4,1
1404,1,15
1404,2,19
1404,3,4
1404,4,6
1405,0,1
1405,1,13
1405,2,26
1405,3,5
1405,4,2
1406,1,6
1406,2,8
1406,3,3
1406,4,2
1407,0,5
1407,1,21
1407,2,61
1407,3,14
1407,4,4
1408,0,2
1408,1,31
1408,2,41
1408,3,17
1408,4,3
1409,0,5
1409,1,23
1409,2,61
1409,3,15
1409,4,3
1410,0,3
1410,1,25
1410,2,35
1410,3,9
1410,4,1
1411,0,6
1411,1,31
1411,2,41
1411,3,11
1411,4,4
1412,0,9
1412,1,46
1412,2,79
1412,3,18
1412,4,3
1413,0,1
1413,1,12
1413,2,12
1413,3,1
1413,4,1
1414,0,2
1414,1,18
1414,2,59
1414,3,12
1414,4,3
1415,1,15
1415,2,31
1415,3,10
1415,4,2
1416,1,17
1416,2,20
1416,3,5
1416,4,1
1417,0,1
1417,1,3
1417,2,4
1418,1,26
1418,2,27
1418,3,6
1418,4,3
1419,0,2
1419,1,18
1419,2,22
1419,3,5
1419,4,2
1420,0,3
1420,1,24
1420,2,48
1420,3,17
1420,4,7
1421,0,6
1421,1,52
1421,2,46
1421,3,18
1421,4,7
1422,0,1
1422,1,25
1422,2,38
1422,3,12
1422,4,3
1423,0,3
1423,1,24
1423,2,46
1423,3,17
1423,4,6
1424,0,4
1424,1,49
1424,2,32
1424,3,1
1424,4,2
1425,1,28
1425,2,49
1425,3,11
1425,4,3
1426,0,2
1426,1,22
1426,2,40
1426,3,13
1426,4,5
1427,0,6
1427,1,57
1427,2,50
1427,3,13
1427,4,2
1428,0,7
1428,1,36
1428,2,47
1428,3,15
1428,4,8
1429,0,2
1429,1,25
1429,2,43
1429,3,9
1429,4,3
1430,0,5
1430,1,56
1430,2,54
1430,3,11
1430,4,2
1431,0,2
1431,1,49
1431,2,63
1431,3,12
1431,4,6
1432,0,6
1432,1,22
1432,2,32
1432,3,9
1432,4,3
1433,0,1
1433,1,14
1433,2,23
1433,3,6
1433,4,2
1434,0,1
1434,1,27
1434,2,34
1434,3,13
1434,4,4
1435,0,1
1435,1,5
1435,2,11
1435,3,2
1435,4,2
1436,1,16
1436,2,31
1436,3,13
1436,4,1
1437,0,8
1437,1,32
1437,2,41
1437,3,17
1437,4,8
1438,1,24
1438,2,34
1438,3,13
1438,4,9
1440,0,3
1440,1,31
1440,2,56
1440,3,14
1440,4,16
1441,0,4
1441,1,22
1441,2,34
1441,3,10
1442,0,3
1442,1,17
1442,2,59
1442,3,12
1442,4,5
1443,0,6
1443,1,30
1443,2,33
1443,3,10
1443,4,1
1444,0,4
1444,1,35
1444,2,18
1444,3,7
1444,4,1
1445,1,30
1445,2,40
1445,3,13
1445,4,3
1446,0,2
1446,1,31
1446,2,48
1446,3,17
1446,4,5
1447,1,11
1447,2,17
1447,3,1
1447,4,1
1448,0,6
1448,1,71
1448,2,68
1448,3,14
1448,4,9
1449,0,5
1449,1,15
1449,2,20
1449,3,1
1449,4,2
1450,0,2
1450,1,38
1450,2,48
1450,3,8
1450,4,4
1451,1,22
1451,2,38
1451,3,14
1451,4,5
1452,0,1
1452,1,21
1452,2,35
1452,3,10
1452,4,1
1453,1,5
1453,2,7
1453,4,1
1454,1,16
1454,2,22
1454,3,5
